Nationality,Flag
Uruguay,https://cdn.sofifa.com/flags/uy.png
Belgium,https://cdn.sofifa.com/flags/be.png
Chile,https://cdn.sofifa.com/flags/cl.png
Austria,https://cdn.sofifa.com/flags/at.png
France,https://cdn.sofifa.com/flags/fr.png
Wales,https://cdn.sofifa.com/flags/gb-wls.png
Italy,https://cdn.sofifa.com/flags/it.png
England,https://cdn.sofifa.com/flags/gb-eng.png
Croatia,https://cdn.sofifa.com/flags/hr.png
Portugal,https://cdn.sofifa.com/flags/pt.png
Spain,https://cdn.sofifa.com/flags/es.png
Brazil,https://cdn.sofifa.com/flags/br.png
Switzerland,https://cdn.sofifa.com/flags/ch.png
Turkey,https://cdn.sofifa.com/flags/tr.png
Ivory Coast,https://cdn.sofifa.com/flags/ci.png
Ecuador,https://cdn.sofifa.com/flags/ec.png
Serbia,https://cdn.sofifa.com/flags/rs.png
Germany,https://cdn.sofifa.com/flags/de.png
Slovakia,https://cdn.sofifa.com/flags/sk.png
Bosnia Herzegovina,https://cdn.sofifa.com/flags/ba.png
Netherlands,https://cdn.sofifa.com/flags/nl.png
Ghana,https://cdn.sofifa.com/flags/gh.png
Armenia,https://cdn.sofifa.com/flags/am.png
Argentina,https://cdn.sofifa.com/flags/ar.png
Russia,https://cdn.sofifa.com/flags/ru.png
Finland,https://cdn.sofifa.com/flags/fi.png
Mexico,https://cdn.sofifa.com/flags/mx.png
Poland,https://cdn.sofifa.com/flags/pl.png
Morocco,https://cdn.sofifa.com/flags/ma.png
Benin,https://cdn.sofifa.com/flags/bj.png
Colombia,https://cdn.sofifa.com/flags/co.png
Denmark,https://cdn.sofifa.com/flags/dk.png
Sweden,https://cdn.sofifa.com/flags/se.png
Ukraine,https://cdn.sofifa.com/flags/ua.png
Greece,https://cdn.sofifa.com/flags/gr.png
United States,https://cdn.sofifa.com/flags/us.png
Senegal,https://cdn.sofifa.com/flags/sn.png
Kenya,https://cdn.sofifa.com/flags/ke.png
Curacao,https://cdn.sofifa.com/flags/cw.png
Iceland,https://cdn.sofifa.com/flags/is.png
Czech Republic,https://cdn.sofifa.com/flags/cz.png
Republic of Ireland,https://cdn.sofifa.com/flags/ie.png
Israel,https://cdn.sofifa.com/flags/il.png
Gabon,https://cdn.sofifa.com/flags/ga.png
Venezuela,https://cdn.sofifa.com/flags/ve.png
Algeria,https://cdn.sofifa.com/flags/dz.png
South Africa,https://cdn.sofifa.com/flags/za.png
Canada,https://cdn.sofifa.com/flags/ca.png
Costa Rica,https://cdn.sofifa.com/flags/cr.png
Nigeria,https://cdn.sofifa.com/flags/ng.png
Moldova,https://cdn.sofifa.com/flags/md.png
Norway,https://cdn.sofifa.com/flags/no.png
Saudi Arabia,https://cdn.sofifa.com/flags/sa.png
Honduras,https://cdn.sofifa.com/flags/hn.png
Cuba,https://cdn.sofifa.com/flags/cu.png
Paraguay,https://cdn.sofifa.com/flags/py.png
Korea Republic,https://cdn.sofifa.com/flags/kr.png
Japan,https://cdn.sofifa.com/flags/jp.png
Australia,https://cdn.sofifa.com/flags/au.png
Slovenia,https://cdn.sofifa.com/flags/si.png
Peru,https://cdn.sofifa.com/flags/pe.png
Mali,https://cdn.sofifa.com/flags/ml.png
Northern Ireland,https://cdn.sofifa.com/flags/gb-nir.png
Scotland,https://cdn.sofifa.com/flags/gb-sct.png
Guinea,https://cdn.sofifa.com/flags/gn.png
Iraq,https://cdn.sofifa.com/flags/iq.png
Egypt,https://cdn.sofifa.com/flags/eg.png
Hungary,https://cdn.sofifa.com/flags/hu.png
Cameroon,https://cdn.sofifa.com/flags/cm.png
DR Congo,https://cdn.sofifa.com/flags/cd.png
Albania,https://cdn.sofifa.com/flags/al.png
Romania,https://cdn.sofifa.com/flags/ro.png
Tunisia,https://cdn.sofifa.com/flags/tn.png
Burkina Faso,https://cdn.sofifa.com/flags/bf.png
Uzbekistan,https://cdn.sofifa.com/flags/uz.png
Bulgaria,https://cdn.sofifa.com/flags/bg.png
Haiti,https://cdn.sofifa.com/flags/ht.png
Syria,https://cdn.sofifa.com/flags/sy.png
Equatorial Guinea,https://cdn.sofifa.com/flags/gq.png
Montenegro,https://cdn.sofifa.com/flags/me.png
Congo,https://cdn.sofifa.com/flags/cg.png
Zimbabwe,https://cdn.sofifa.com/flags/zw.png
Belarus,https://cdn.sofifa.com/flags/by.png
Cape Verde,https://cdn.sofifa.com/flags/cv.png
Kosovo,https://cdn.sofifa.com/flags/xk.png
Cyprus,https://cdn.sofifa.com/flags/cy.png
Angola,https://cdn.sofifa.com/flags/ao.png
Estonia,https://cdn.sofifa.com/flags/ee.png
Trinidad & Tobago,https://cdn.sofifa.com/flags/tt.png
Panama,https://cdn.sofifa.com/flags/pa.png
Central African Republic,https://cdn.sofifa.com/flags/cf.png
Iran,https://cdn.sofifa.com/flags/ir.png
Jamaica,https://cdn.sofifa.com/flags/jm.png
Suriname,https://cdn.sofifa.com/flags/sr.png
Liechtenstein,https://cdn.sofifa.com/flags/li.png
Georgia,https://cdn.sofifa.com/flags/ge.png
Togo,https://cdn.sofifa.com/flags/tg.png
Zambia,https://cdn.sofifa.com/flags/zm.png
China PR,https://cdn.sofifa.com/flags/cn.png
Aruba,https://cdn.sofifa.com/flags/aw.png
North Macedonia,https://cdn.sofifa.com/flags/mk.png
Bermuda,https://cdn.sofifa.com/flags/bm.png
Luxembourg,https://cdn.sofifa.com/flags/lu.png
Bolivia,https://cdn.sofifa.com/flags/bo.png
Dominican Republic,https://cdn.sofifa.com/flags/do.png
Gambia,https://cdn.sofifa.com/flags/gm.png
São Tomé & Príncipe,https://cdn.sofifa.com/flags/st.png
Guam,https://cdn.sofifa.com/flags/gu.png
Comoros,https://cdn.sofifa.com/flags/km.png
Saint Kitts and Nevis,https://cdn.sofifa.com/flags/kn.png
Chad,https://cdn.sofifa.com/flags/td.png
Libya,https://cdn.sofifa.com/flags/ly.png
Guyana,https://cdn.sofifa.com/flags/gy.png
Azerbaijan,https://cdn.sofifa.com/flags/az.png
Kuwait,https://cdn.sofifa.com/flags/kw.png
Sierra Leone,https://cdn.sofifa.com/flags/sl.png
Kazakhstan,https://cdn.sofifa.com/flags/kz.png
Mozambique,https://cdn.sofifa.com/flags/mz.png
Guinea Bissau,https://cdn.sofifa.com/flags/gw.png
Uganda,https://cdn.sofifa.com/flags/ug.png
New Zealand,https://cdn.sofifa.com/flags/nz.png
Mauritius,https://cdn.sofifa.com/flags/mu.png
Chinese Taipei,https://cdn.sofifa.com/flags/tw.png
Latvia,https://cdn.sofifa.com/flags/lv.png
Niger,https://cdn.sofifa.com/flags/ne.png
El Salvador,https://cdn.sofifa.com/flags/sv.png
Montserrat,https://cdn.sofifa.com/flags/ms.png
Liberia,https://cdn.sofifa.com/flags/lr.png
Madagascar,https://cdn.sofifa.com/flags/mg.png
Ethiopia,https://cdn.sofifa.com/flags/et.png
Somalia,https://cdn.sofifa.com/flags/so.png
Lithuania,https://cdn.sofifa.com/flags/lt.png
Palestine,https://cdn.sofifa.com/flags/ps.png
Tanzania,https://cdn.sofifa.com/flags/tz.png
Eritrea,https://cdn.sofifa.com/flags/er.png
Faroe Islands,https://cdn.sofifa.com/flags/fo.png
Malta,https://cdn.sofifa.com/flags/mt.png
Fiji,https://cdn.sofifa.com/flags/fj.png
Korea DPR,https://cdn.sofifa.com/flags/kp.png
Mauritania,https://cdn.sofifa.com/flags/mr.png
India,https://cdn.sofifa.com/flags/in.png
Antigua & Barbuda,https://cdn.sofifa.com/flags/ag.png
Lebanon,https://cdn.sofifa.com/flags/lb.png
New Caledonia,https://cdn.sofifa.com/flags/nc.png
Barbados,https://cdn.sofifa.com/flags/bb.png
Qatar,https://cdn.sofifa.com/flags/qa.png
Belize,https://cdn.sofifa.com/flags/bz.png
Timor-Leste,https://cdn.sofifa.com/flags/tl.png
Gibraltar,https://cdn.sofifa.com/flags/gi.png
Saint Lucia,https://cdn.sofifa.com/flags/lc.png
Puerto Rico,https://cdn.sofifa.com/flags/pr.png
Philippines,https://cdn.sofifa.com/flags/ph.png
Afghanistan,https://cdn.sofifa.com/flags/af.png
Papua New Guinea,https://cdn.sofifa.com/flags/pg.png
Namibia,https://cdn.sofifa.com/flags/na.png
Pakistan,https://cdn.sofifa.com/flags/pk.png
Grenada,https://cdn.sofifa.com/flags/gd.png
Oman,https://cdn.sofifa.com/flags/om.png
Guatemala,https://cdn.sofifa.com/flags/gt.png
San Marino,https://cdn.sofifa.com/flags/sm.png
